{"stat.crouchOneCm":389,"stat.useItem.minecraft.anvil":10,"stat.useItem.minecraft.glass_pane":59,"stat.useItem.minecraft.stained_glass_pane":5,"stat.useItem.minecraft.stained_glass":1667,"stat.useItem.minecraft.stone_brick_stairs":477,"stat.useItem.minecraft.dark_oak_stairs":128,"achievement.openInventory":349,"achievement.exploreAllBiomes":{"value":0,"progress":["Plains"]},"stat.useItem.minecraft.fence":156,"stat.useItem.minecraft.log":528,"stat.useItem.minecraft.leaves":43,"stat.useItem.minecraft.planks":59,"stat.useItem.minecraft.stained_hardened_clay":4137,"stat.flyOneCm":3568988,"stat.useItem.minecraft.stonebrick":2341,"stat.useItem.minecraft.dye":582,"stat.useItem.minecraft.stone":4679,"stat.damageTaken":2147483647,"stat.useItem.minecraft.flower_pot":14,"stat.useItem.minecraft.torch":19,"stat.useItem.minecraft.bed":1,"stat.useItem.minecraft.rail":24,"stat.useItem.minecraft.ladder":34,"stat.climbOneCm":11373,"stat.useItem.minecraft.oak_stairs":244,"stat.useItem.minecraft.sapling":45,"stat.drop":21,"stat.timeSinceDeath":3317,"stat.leaveGame":45,"stat.diveOneCm":14430,"stat.useItem.minecraft.glowstone":40,"achievement.mineWood":24,"stat.playOneMinute":890950,"stat.useItem.minecraft.stone_slab":629,"stat.deaths":1,"stat.jump":3989,"stat.useItem.minecraft.wooden_slab":319,"stat.swimOneCm":45341,"stat.useItem.minecraft.beacon":2,"stat.useItem.minecraft.tallgrass":2,"stat.walkOneCm":2490320,"stat.sprintOneCm":1126,"stat.useItem.minecraft.dirt":1663}