{"stat.useItem.minecraft.anvil":1,"stat.useItem.minecraft.stained_glass_pane":1,"stat.useItem.minecraft.packed_ice":3,"stat.useItem.minecraft.iron_bars":1,"stat.useItem.minecraft.stone_button":38,"achievement.exploreAllBiomes":{"value":0,"progress":["Desert"]},"stat.useItem.minecraft.redstone_block":133,"stat.useItem.minecraft.quartz_block":10806,"stat.useItem.minecraft.command_block":423,"stat.useItem.minecraft.stained_glass":160,"achievement.openInventory":611,"stat.damageDealt":2380,"stat.useItem.minecraft.item_frame":18,"stat.useItem.minecraft.hay_block":1,"stat.useItem.minecraft.quartz_stairs":124,"stat.useItem.minecraft.stained_hardened_clay":2031,"stat.fallOneCm":4898,"stat.useItem.minecraft.skull":3,"stat.flyOneCm":3051536,"stat.useItem.minecraft.diamond_sword":21,"stat.useItem.minecraft.stone":3,"stat.killEntity.EntityHorse":3,"stat.useItem.minecraft.redstone":217,"stat.drop":3852,"stat.useItem.minecraft.command_block_minecart":3,"stat.damageTaken":-2147482217,"stat.useItem.minecraft.hopper":6,"stat.useItem.minecraft.barrier":335,"stat.useItem.minecraft.repeater":39,"stat.leaveGame":12,"stat.useItem.minecraft.comparator":64,"stat.useItem.minecraft.activator_rail":3,"stat.playOneMinute":943595,"stat.useItem.minecraft.soul_sand":4,"stat.useItem.minecraft.redstone_torch":66,"stat.useItem.minecraft.sand":8,"stat.deaths":9,"stat.jump":2151,"stat.useItem.minecraft.beacon":1,"stat.mobKills":4,"stat.horseOneCm":583,"stat.useItem.minecraft.spawn_egg":4,"stat.walkOneCm":2316293,"stat.useItem.minecraft.slime":7,"stat.useItem.minecraft.sign":51,"stat.useItem.minecraft.dirt":1}